"employee_id","first_name","last_name","email","salary","total_work_percentage","membership_count","department_id"
"587191","Ahmet","Can","Ahmet.Can@ozu.edu.tr","28000","0.20","1","1000"
"492783","Hasan","Yilmaz","Hasan.Yilmaz@ozu.edu.tr","23000","0.25","1","1001"
"489302","John","Brown","John.Brown@ozu.edu.tr","24000","0.40","1","1002"
"485432","Rahul","Priya","Rahul.Priya@ozu.edu.tr","20750","0.10","1","1003"
"461427","Alexander","Petrov","Alexander.Petrov@ozu.edu.tr","21750","0.15","1","1004"
"358432","Yusuf","Aslan","Yusuf.Aslan@ozu.edu.tr","23750","0.30","1","1005"
"268721","Malachi","Dickerson","Malachi.Dickerson@ozu.edu.tr","10424","0.65","3","1000"
"328471","Harper","Ramsey","Harper.Ramsey@ozu.edu.tr","8136","0.40","3","1003"
"442461","Alyssa","Riddle","Alyssa.Riddle@ozu.edu.tr","8448","0.30","2","1000"
"375531","Holly","Douglas","Holly.Douglas@ozu.edu.tr","7348","0.55","3","1003"
"392051","Candice","Medina","Candice.Medina@ozu.edu.tr","7375","0.45","2","1003"
"267352","Garrison","Craft","garrison.craft@ozu.edu.tr","6615","0.25","1","1000"
"365698","Wayne","Holman","Wayne.Holman@ozu.edu.tr","11086","0.10","1","1001"
"300346","Holmes","Brown","Holmes.Brown@ozu.edu.tr","6876","0.15","1","1000"
"421009","Cally","Burch","Cally.Burch@ozu.edu.tr","12615","0.10","1","1000"
"401883","Amelia","Townsend","Amelia.Townsend@ozu.edu.tr","8355","0.10","1","1000"
"382692","Kiona","Bass","Kiona.Bass@ozu.edu.tr","9172","0.20","1","1004"
"318633","Ahmed","Mckee","Ahmed.Mckee@ozu.edu.tr","7875","0.20","1","1003"
"329194","Miranda","Robertson","miranda.robertson@ozu.edu.tr","3882","0.30","2","1000"
"392925","Brock","Nguyen","brock.nguyen@ozu.edu.tr","3631","0.15","1","1004"
"328152","Olga","Medina","olga.medina@ozu.edu.tr","13023","0.30","1","1001"
"408694","Rama","Haynes","Rama.Haynes@ozu.edu.tr","8956","0.85","3","1001"
"272765","Nyssa","Prince","Nyssa.Prince@ozu.edu.tr","9412","0.30","3","1000"
"339902","Yvonne","Walls","Yvonne.Walls@ozu.edu.tr","4776","0.55","3","1001"
"295423","Imelda","Abbott","Imelda.Abbott@ozu.edu.tr","10103","0.55","3","1001"
"422231","Brett","Watkins","Brett.Watkins@ozu.edu.tr","5777","0.30","2","1002"
"276444","Meredith","Greer","meredith.greer@ozu.edu.tr","7161","0.15","1","1003"
"339186","Allegra","Rush","allegra.rush@ozu.edu.tr","13032","0.20","1","1004"
"389074","Zahir","George","zahir.george@ozu.edu.tr","9909","0.20","1","1002"
"383622","Carol","Crawford","carol.crawford@ozu.edu.tr","10413","0.10","1","1001"
"256504","Hilel","Byers","hilel.byers@ozu.edu.tr","10317","0.10","1","1004"
"307036","Denton","Beard","Denton.Beard@ozu.edu.tr","6911","0.15","1","1000"
"298639","Leo","Kelley","Leo.Kelley@ozu.edu.tr","9475","0.10","1","1002"
"284595","Megan","Keith","Megan.Keith@ozu.edu.tr","9461","0.20","1","1003"
"420853","Rhiannon","Bauer","Rhiannon.Bauer@ozu.edu.tr","3592","0.15","1","1003"
"425931","Charity","Brewer","Charity.Brewer@ozu.edu.tr","7403","0.15","1","1004"
"394094","Xantha","Allison","Xantha.Allison@ozu.edu.tr","6384","0.10","1","1002"
"371283","Samantha","Fuentes","Samantha.Fuentes@ozu.edu.tr","5402","0.30","1","1001"
"409805","Jarrod","Tate","Jarrod.Tate@ozu.edu.tr","13569","0.20","1","1004"
"440283","Carl","Myers","Carl.Myers@ozu.edu.tr","8540","0.15","1","1004"
"294245","Kameko","Charles","Kameko.Charles@ozu.edu.tr","5430","0.15","1","1004"
"367322","Ann","David","Ann.David@ozu.edu.tr","13506","0.25","1","1002"
"312993","Ariel","Whitley","Ariel.Whitley@ozu.edu.tr","10161","0.15","1","1004"
"394425","Bertha","Knox","Bertha.Knox@ozu.edu.tr","14705","0.25","2","1002"
"325479","Sasha","Bean","Sasha.Bean@ozu.edu.tr","3517","0.50","2","1001"
"306677","Dane","Barker","Dane.Barker@ozu.edu.tr","12445","0.30","2","1000"
"383576","Deacon","Randolph","Deacon.Randolph@ozu.edu.tr","11841","0.40","2","1001"
"446296","Abbot","Harmon","Abbot.Harmon@ozu.edu.tr","4459","0.10","1","1001"
"338338","Ryder","Parker","Ryder.Parker@ozu.edu.tr","10032","0.30","1","1004"
"287674","Iola","Orr","Iola.Orr@ozu.edu.tr","5651","0.20","1","1000"
"261508","Ina","Boyer","Ina.Boyer@ozu.edu.tr","7368","0.15","1","1002"
"336096","Charde","Mcclure","Charde.Mcclure@ozu.edu.tr","14975","0.30","1","1001"
"331954","Maile","Vincent","Maile.Vincent@ozu.edu.tr","13496","0.15","1","1004"
"344166","Scarlet","Bryant","Scarlet.Bryant@ozu.edu.tr","13126","0.10","1","1004"
